epoch,train_loss,val_loss,val_corr,lr
1,0.198254,0.200446,0.1582,5.00e-04
2,0.173423,0.201794,0.1568,5.00e-04
3,0.130189,0.205437,0.1228,5.00e-04
4,0.098773,0.212136,0.1266,5.00e-04
5,0.078466,0.214717,0.1357,5.00e-04
6,0.069804,0.211901,0.1269,5.00e-04
7,0.063854,0.210404,0.1244,5.00e-04
8,0.060153,0.210591,0.1247,5.00e-04
9,0.057179,0.208766,0.1308,5.00e-04
10,0.056843,0.208207,0.1274,5.00e-04
